{
  "task_id": "b33287f5-7f1a-4c1f-ad3f-b780a9b6ca8e",
  "status": "completed",
  "parameters": {
    "temperature": 310,
    "pressure": 1,
    "timeStep": 0.002,
    "totalSteps": 1000000
  },
  "simulationType": "molecular_dynamics",
  "statistics": {
    "mean_potential_energy": 99994.06439063721,
    "std_potential_energy": 2.2218195351014645,
    "mean_kinetic_energy": 463.8517759195323,
    "std_kinetic_energy": 31.92205205605488,
    "mean_temperature": 311.24774371254875,
    "std_temperature": 5.291899539972555,
    "mean_pressure": 0.998489326991644,
    "std_pressure": 0.10428588368813313,
    "mean_volume": 999.118035726315,
    "equilibration_time": 400
  },
  "convergence_metrics": {
    "energy_rmsd": 0.00002221951421458073,
    "temperature_stability": 5.291899539972555,
    "pressure_stability": 0.10428588368813313,
    "equilibration_percentage": 20
  },
  "trajectory_sample": {
    "time": [
      0,
      100,
      200,
      300,
      400,
      520,
      620,
      720,
      820,
      920,
      1040,
      1140,
      1240,
      1340,
      1440,
      1560,
      1660,
      1760,
      1860,
      1980
    ],
    "potential_energy": [
      100000.90926158892,
      99996.347343624,
      99998.28826178297,
      100000.24958785405,
      99995.70520745673,
      99991.89510072843,
      99995.33144163566,
      99991.04755756944,
      99993.66281431245,
      99995.67072749518,
      99996.94902462875,
      99997.63701787351,
      99995.5305816786,
      99996.507081714,
      99995.49943616676,
      99995.45087971639,
      99994.39562299867,
      99991.48941081887,
      99991.34442526077,
      99991.99067738125
    ],
    "kinetic_energy": [
      417.6308127037031,
      474.806698306161,
      434.8203012366503,
      452.92120504531573,
      508.2758216897945,
      441.08043462536733,
      484.029340001604,
      502.6018621917663,
      419.68902367767464,
      481.6350309113768,
      474.942160666522,
      457.9664863590397,
      473.1060842782157,
      471.7615713520264,
      469.3020799650519,
      504.58297937531313,
      461.4541909213022,
      472.9032913692803,
      503.6709236954533,
      492.5138971063898
    ],
    "temperature": [
      313.41123880747335,
      309.231691483548,
      311.52658363706877,
      303.9969830544403,
      308.465961004395,
      306.75870222101304,
      320.2660113975387,
      300.7474831591143,
      314.5203668023442,
      311.67617877592073,
      316.7920966927558,
      312.4369642451315,
      313.6004739039257,
      309.0355654886048,
      311.9165240571995,
      300.0260727961499,
      316.51053648539397,
      312.36024427408256,
      310.8943614048848,
      305.14517349908795
    ],
    "pressure": [
      1.0711240457514457,
      1.150266828568173,
      0.898126080463556,
      1.1941979659724749,
      0.7887047212151244,
      1.0757505883844547,
      1.044709989313895,
      1.136481741041218,
      0.8965867186825385,
      1.093828418869311,
      1.0470565204444062,
      1.0304249487888597,
      1.0722199216582646,
      0.9345425236816499,
      1.0671536695042423,
      0.9354388724984127,
      1.0916266850249883,
      0.927591629956558,
      0.9464744289547744,
      0.9715373226113915
    ],
    "volume": [
      1002.8792913027135,
      1001.99130981479,
      999.4547746764991,
      1015.4636916492412,
      1013.6440962735472,
      989.5092990988618,
      1000.4229586725996,
      1006.8557295904583,
      1017.8905695853846,
      996.0162753753399,
      988.2369665036528,
      1002.6489878251759,
      993.5764299436148,
      1005.6710232391367,
      979.1790150005743,
      994.6593412522878,
      1006.3169896489647,
      995.1110708194925,
      982.8876833590268,
      1009.9798850198858
    ]
  },
  "simulation_time": 1980,
  "total_frames": 100
}