{
  "task_id": "92443f41-7fe1-4e59-ae6c-d20151e70087",
  "status": "completed",
  "parameters": {
    "temperature": 310,
    "pressure": 1,
    "timeStep": 0.002,
    "totalSteps": 1000000
  },
  "simulationType": "molecular_dynamics",
  "statistics": {
    "mean_potential_energy": 100004.26227410007,
    "std_potential_energy": 4.656696078816473,
    "mean_kinetic_energy": 459.5940101896687,
    "std_kinetic_energy": 29.845355018097116,
    "mean_temperature": 310.0266295285943,
    "std_temperature": 5.114284294761235,
    "mean_pressure": 1.0145030865360942,
    "std_pressure": 0.0990517091241185,
    "mean_volume": 999.3073386899105,
    "equilibration_time": 400
  },
  "convergence_metrics": {
    "energy_rmsd": 0.00004656497606125037,
    "temperature_stability": 5.114284294761235,
    "pressure_stability": 0.0990517091241185,
    "equilibration_percentage": 20
  },
  "trajectory_sample": {
    "time": [
      0,
      100,
      200,
      300,
      400,
      520,
      620,
      720,
      820,
      920,
      1040,
      1140,
      1240,
      1340,
      1440,
      1560,
      1660,
      1760,
      1860,
      1980
    ],
    "potential_energy": [
      100000.5482464429,
      100001.91618736368,
      100002.74146717347,
      100000.98661767517,
      99995.02681145033,
      99995.8529164281,
      99999.75151829941,
      99999.17094527619,
      100004.10593089752,
      100006.21685161474,
      100003.57641695827,
      100001.78573971367,
      100002.34963192791,
      100003.20486189729,
      100007.36043709863,
      100009.00355575701,
      100010.06568748133,
      100009.38920936242,
      100007.63125801654,
      100008.51442034384
    ],
    "kinetic_energy": [
      439.3760210853171,
      475.0027654312071,
      486.6528223781734,
      454.23880266619915,
      452.9534396644997,
      495.64931733125655,
      477.32744008034234,
      479.6801122215734,
      438.0281250803981,
      436.20124416931776,
      404.75564073351893,
      448.8078357664339,
      440.20985500856824,
      433.1954259602509,
      467.83743072830146,
      456.7201016839404,
      450.30896643592956,
      402.6394191453753,
      443.2945418455246,
      499.13287827265685
    ],
    "temperature": [
      309.8283056633142,
      315.27217457812526,
      299.9924431600019,
      308.9439507809436,
      311.74572203705185,
      310.8228804631299,
      306.7995118111327,
      305.32642918357453,
      312.08780812223023,
      308.86870484858724,
      309.0665370362809,
      304.08666590981056,
      315.8427208574328,
      313.6980177660414,
      301.59649768163564,
      297.4464631839459,
      301.7682859943267,
      319.526572805703,
      308.38167318414895,
      312.52800384256335
    ],
    "pressure": [
      1.0986069511086163,
      0.8060634530182862,
      1.2275125094237263,
      1.0226208466607485,
      0.9442244428057559,
      1.0494197397733425,
      1.0734021818125818,
      1.1004748681269234,
      0.8307103668601618,
      0.9158124639114463,
      0.9371480882193226,
      1.134015803583705,
      1.0202848548206338,
      1.0562159510692426,
      1.1265851448349378,
      0.9888642644280712,
      1.0839929647647681,
      0.9498095673216875,
      1.0039542276609401,
      0.8507194502011919
    ],
    "volume": [
      1002.6309678991944,
      992.4582291724784,
      995.3311445772947,
      982.8309981119312,
      1013.7102132911831,
      991.268387662935,
      997.1428273541939,
      996.0128480785186,
      993.2616896374368,
      1001.6637214875533,
      982.4947980077578,
      1013.4276717831932,
      985.3572466034951,
      986.3980621046937,
      998.5361318319523,
      1000.4150144686597,
      991.3808014286473,
      979.8573343303779,
      974.5798910649029,
      1021.9898553454033
    ]
  },
  "simulation_time": 1980,
  "total_frames": 100
}