{
  "task_id": "26da9018-ae83-4000-92e8-20058641c62e",
  "status": "completed",
  "parameters": {
    "temperature": 310,
    "pressure": 1,
    "timeStep": 0.002,
    "totalSteps": 1000000
  },
  "simulationType": "molecular_dynamics",
  "statistics": {
    "mean_potential_energy": 100006.62775042882,
    "std_potential_energy": 2.3749875255484083,
    "mean_kinetic_energy": 460.44362174916506,
    "std_kinetic_energy": 25.981557310393313,
    "mean_temperature": 309.9402577821669,
    "std_temperature": 4.6387581274226495,
    "mean_pressure": 0.9863535311057774,
    "std_pressure": 0.09486513332061396,
    "mean_volume": 1000.8793704798321,
    "equilibration_time": 400
  },
  "convergence_metrics": {
    "energy_rmsd": 0.000023748301277344337,
    "temperature_stability": 4.6387581274226495,
    "pressure_stability": 0.09486513332061396,
    "equilibration_percentage": 20
  },
  "trajectory_sample": {
    "time": [
      0,
      100,
      200,
      300,
      400,
      520,
      620,
      720,
      820,
      920,
      1040,
      1140,
      1240,
      1340,
      1440,
      1560,
      1660,
      1760,
      1860,
      1980
    ],
    "potential_energy": [
      99999.80606695639,
      100001.92895801977,
      100003.40704693993,
      100007.58811159151,
      100007.21156809591,
      100009.49893831868,
      100011.13073126602,
      100011.5602186026,
      100008.12631048168,
      100005.8118748898,
      100004.69990882416,
      100004.51358102747,
      100005.67624642643,
      100003.06957246395,
      100005.64990060218,
      100006.55085819622,
      100004.07545672196,
      100004.77659232875,
      100003.29810227743,
      100004.67539557572
    ],
    "kinetic_energy": [
      459.5731550456895,
      443.1782925713613,
      514.018011792212,
      473.6839258475885,
      472.35907208421344,
      435.6495013933572,
      414.7747661632146,
      430.4915559468455,
      506.8540225510004,
      443.65304754632314,
      483.15364310532743,
      466.52473721122766,
      493.9572835293052,
      478.4378773480406,
      422.5628404314933,
      443.18622513153935,
      442.7150141733038,
      488.808281136475,
      439.1584313097402,
      467.0206019648237
    ],
    "temperature": [
      306.99106795794336,
      310.50996836826437,
      314.46815698817755,
      315.05236278995926,
      304.200451897746,
      308.387401467772,
      308.8261829931516,
      315.36995028719775,
      310.0397750323053,
      303.3981795758103,
      307.9163461116445,
      301.917081858916,
      314.34193621387936,
      302.9712273459653,
      307.89711416767256,
      310.61868085315206,
      311.94243366752966,
      302.0518202398389,
      313.8877063075704,
      311.86849285601187
    ],
    "pressure": [
      0.9455640778345032,
      0.9768453656085431,
      1.0356914468788438,
      1.0753536138865794,
      1.0307323208887629,
      0.9724316268351061,
      0.9161828073895912,
      0.8536776269430797,
      0.9900752441539016,
      0.9080516886277257,
      0.895377489813825,
      1.0669163933587251,
      1.0188898384144396,
      0.895227504422076,
      0.8571994965784111,
      0.794882218722357,
      0.9155133207123058,
      0.9987979272580512,
      0.9705859382266726,
      0.978460367282016
    ],
    "volume": [
      988.8864330682088,
      1003.0940951580113,
      1006.8596990382032,
      999.7637743988176,
      996.1797799667333,
      995.6485322898485,
      997.6818789020854,
      984.9490828761625,
      1006.1223129205754,
      1008.1888090231474,
      992.5186510096121,
      982.8225157712194,
      1001.571379319318,
      997.0108936580325,
      997.0786541739864,
      1005.4286528251554,
      992.5810810194799,
      1000.8990069672402,
      1008.8483115443963,
      1004.3941722234384
    ]
  },
  "simulation_time": 1980,
  "total_frames": 100
}