{
  "task_id": "cdebb1c3-7fe2-4d66-b0f1-519f213ff601",
  "status": "completed",
  "parameters": {
    "temperature": 310,
    "pressure": 1,
    "timeStep": 0.002,
    "totalSteps": 1000000
  },
  "simulationType": "molecular_dynamics",
  "statistics": {
    "mean_potential_energy": 100003.42956343778,
    "std_potential_energy": 4.269185289808289,
    "mean_kinetic_energy": 468.6610553993427,
    "std_kinetic_energy": 35.568381480034226,
    "mean_temperature": 311.14988904794717,
    "std_temperature": 4.758507383727273,
    "mean_pressure": 1.0145590064819097,
    "std_pressure": 0.10031463343399297,
    "mean_volume": 1000.578392288433,
    "equilibration_time": 400
  },
  "convergence_metrics": {
    "energy_rmsd": 0.000042690388804117014,
    "temperature_stability": 4.758507383727273,
    "pressure_stability": 0.10031463343399297,
    "equilibration_percentage": 20
  },
  "trajectory_sample": {
    "time": [
      0,
      100,
      200,
      300,
      400,
      520,
      620,
      720,
      820,
      920,
      1040,
      1140,
      1240,
      1340,
      1440,
      1560,
      1660,
      1760,
      1860,
      1980
    ],
    "potential_energy": [
      100001.59515928346,
      100000.48038094708,
      99999.88981670729,
      99999.05153825082,
      99998.5817098015,
      100000.07970027762,
      100000.44447272514,
      100000.97246233803,
      99999.24143094977,
      100000.2102211467,
      99996.40344442462,
      100000.1593754111,
      100004.6060870747,
      100005.14428217824,
      100006.82082887876,
      100006.20745869978,
      100007.91847462965,
      100007.34419829225,
      100009.66809509836,
      100009.25162089427
    ],
    "kinetic_energy": [
      447.4690837749884,
      429.2226858933161,
      432.1561286948655,
      432.2468604272123,
      493.60955479612113,
      447.95177031550384,
      490.2083477543283,
      485.13350812651623,
      547.8454784193398,
      422.46525760115605,
      456.2935649537587,
      502.53866417191085,
      502.15791646367006,
      385.79055253403794,
      467.9559650778723,
      458.7755053330972,
      457.37741001086823,
      558.7095067432145,
      463.8686546940906,
      493.2421723420816
    ],
    "temperature": [
      315.3421620427138,
      314.80919820214126,
      313.77785062254986,
      303.7024607075476,
      304.9360123781203,
      312.88184607467116,
      302.0849555712817,
      320.5263874414494,
      313.9401438148919,
      321.8394938503597,
      310.20086368840197,
      306.32529578196477,
      313.3466997908919,
      312.3138678973444,
      308.05814561896347,
      309.8808120110916,
      314.1620418260755,
      312.70564916827414,
      319.65838317925375,
      312.8290740142045
    ],
    "pressure": [
      0.8832391246815829,
      1.1180117015399618,
      0.9045721116614232,
      1.062121369207823,
      1.0924469534511199,
      0.9656402117748576,
      1.0451926197151045,
      1.0254770128630586,
      0.9752422588424104,
      1.0186955497831847,
      1.049813916549065,
      0.8756810719970884,
      0.8502232116580183,
      0.9759179290129222,
      1.0578670619046437,
      1.0776882978368723,
      1.1622477020489232,
      1.0528165580135003,
      1.0569367581874392,
      0.8341419864733224
    ],
    "volume": [
      1012.0763324360694,
      999.0633389908832,
      1002.3194280128666,
      977.8968447432583,
      983.804638457716,
      1010.4420134829008,
      996.2892513616207,
      1006.6574266690534,
      994.9883130447204,
      1016.306743903737,
      996.8822673142333,
      1000.9036036419711,
      1002.6044588598277,
      1004.9581491360236,
      1005.2246074142039,
      1008.3972912944226,
      999.0099990314664,
      1022.9171926933576,
      1007.344634371156,
      1000.5653137536976
    ]
  },
  "simulation_time": 1980,
  "total_frames": 100
}